book_index,goodreads_id
0,2767052
1,3
2,41865
3,2657
4,4671
5,11870085
6,5907
7,5107
8,960
9,1885
10,77203
11,13335037
12,5470
13,7613
14,48855
15,2429135
16,6148028
17,5
18,34
19,7260188
20,2
21,12232938
22,15881
23,6
24,136251
25,968
26,1
27,7624
28,18135
29,8442457
30,4667024
31,890
32,10818853
33,865
34,3636
35,100915
36,14050
37,13496
38,19501
39,28187
40,10210
41,15931
42,4214
43,43641
44,19063
45,4381
46,49041
47,30119
48,256683
49,428263
50,113436
51,11
52,5129
53,1162543
54,37435
55,2956
56,24178
57,1618
58,22557272
59,119322
60,10917
61,4981
62,18405
63,128029
64,22628
65,11735983
66,375802
67,18490
68,11588
69,1656001
70,99561
71,227443
72,14935
73,38709
74,1381
75,157993
76,7445
77,1845
78,1953
79,370493
80,1617
81,6442769
82,21787
83,231804
84,6186357
85,1202
86,2998
87,320
88,5297
89,13536860
90,17245
91,5060378
92,11857408
93,7244
94,19543
95,7126
96,6288
97,18710190
98,9418327
99,3473
100,9416
101,24280
102,10572
103,15507958
104,168668
105,6900
106,2187
107,24583
108,18131
109,7763
110,38447
111,452306
112,7604
113,37442
114,5358
115,7937843
116,1420
117,234225
118,2612
119,11084145
120,332613
121,2165
122,4395
123,3777732
124,62291
125,137791
126,10964
127,12296
128,9460487
129,6892870
130,18007564
131,18143977
132,8664353
133,17333223
134,1217100
135,2865
136,4374400
137,28186
138,5526
139,1582996
140,8852
141,15241
142,42156
143,23772
144,6310
145,2120932
146,2623
147,18512
148,49552
149,7736182
150,15745753
151,13497
152,7735333
153,4407
154,149267
155,6400090
156,11125
157,6969
158,15823480
159,227463
160,1812457
161,4502507
162,18342
163,7144
164,6514
165,52036
166,168642
167,6304335
168,7171637
169,9361589
170,37470
171,24770
172,10664113
173,33
174,12262741
175,472331
176,186074
177,3228917
178,153747
179,2728527
180,5759
181,301082
182,12691
183,16299
184,6411961
185,6339664
186,11505797
187,5326
188,43763
189,10507293
190,6853
191,6493208
192,23807
193,345627
194,6867
195,485894
196,561456
197,9969571
198,3153910
199,21996
200,13572249
201,11127
202,3609760
203,7869
204,249747
205,6487308
206,4406
207,5886881
208,24213
209,43615
210,9712
211,439288
212,17802724
213,1898
214,8908
215,17212231
216,47281
217,10614
218,66559
219,2839
220,30183
221,36072
222,1622
223,4588
224,11387515
225,233093
226,11235712
227,16160797
228,6068551
229,662
230,49436
231,1232
232,4865
233,480479
234,19486412
235,24337
236,3876
237,14891
238,21853621
239,6334
240,12873
241,18373
242,1103
243,22034
244,49750
245,29579
246,15783514
247,30118
248,29056083
249,11614718
250,17061
251,12067
252,70401
253,16181775
254,3063499
255,2122
256,19691
257,76620
258,10335308
259,3591262
260,140225
261,295
262,9520360
263,10644930
264,4948
265,135479
266,2493
267,39999
268,4900
269,7812659
270,52529
271,227711
272,10583
273,5203
274,1215032
275,33724
276,6752378
277,14748
278,3412
279,2213661
280,13158800
281,28194
282,13214
283,15818107
284,8755776
285,13526165
286,10365
287,14497
288,9717
289,16068905
290,4473
291,32234
292,9275658
293,2318271
294,228665
295,10916
296,65605
297,13596809
298,6689
299,13
300,6280118
301,7747374
302,13497818
303,4138
304,45978
305,236093
306,121749
307,16143347
308,11590
309,7745
310,10025305
311,20910157
312,12996
313,3236307
314,78411
315,355697
316,191139
317,16115612
318,7082
319,18254
320,11149
321,6936382
322,113946
323,5805
324,2203
325,119324
326,22232
327,7090447
328,350
329,10176
330,6319
331,1852
332,7864437
333,16793
334,33917
335,8667848
336,5168
337,6567017
338,1241
339,2282133
340,8520610
341,233818
342,17250
343,68428
344,51496
345,7784
346,7896527
347,2802316
348,46170
349,343
350,3950967
351,22328
352,10799
353,391729
354,10534
355,11367726
356,4980
357,5826
358,1842
359,37781
360,567795
361,7190
362,6948436
363,3975774
364,6327
365,40440
366,6479259
367,5996153
368,3478
369,8683812
370,862041
371,16248068
372,119073
373,46799
374,310612
375,12127750
376,34497
377,41804
378,42899
379,7791997
380,6482837
381,9777
382,18079776
383,6469165
384,3869
385,7315573
386,6320534
387,830
388,51738
389,9736930
390,47212
391,16101128
392,767680
393,10692
394,20170404
395,18774964
396,18335634
397,1078
398,2784
399,5364
400,1923820
401,14758
402,659469
403,297673
404,37415
405,41899
406,17851885
407,45032
408,4069
409,237209
410,14743
411,8492825
412,7069
413,78129
414,2932
415,18122
416,6837103
417,5113
418,29059
419,4934
420,307791
421,11566
422,2547
423,15196
424,2866718
425,7967
426,11138
427,29044
428,4953
429,1295
430,656
431,28676
432,38980
433,7061
434,138398
435,27523
436,18635016
437,7938275
438,1358844
439,6534
440,23919
441,561909
442,16735
443,3985
444,4268157
445,34268
446,11275
447,79885
448,133518
449,114683
450,9593911
451,17231
452,110494
453,34897
454,7733
455,12957
456,52357
457,59980
458,24817626
459,8490112
460,17878931
461,12609433
462,386187
463,15717943
464,3008
465,51737
466,84119
467,6527740
468,629
469,8909
470,162085
471,3109
472,15790842
473,107291
474,10987
475,10603
476,10956
477,140077
478,32261
479,2175
480,7235533
481,140082
482,248704
483,68429
484,25041504
485,10032672
486,59960
487,13152
488,285092
489,15925
490,46756
491,7669
492,19380
493,84981
494,10629
495,13206760
496,10637766
497,6101718
498,13615
499,3682
500,256566
501,15769
502,16056408
503,58696
504,693208
505,117833
506,13642
507,357664
508,3836
509,45107
510,7740152
511,19321
512,65641
513,2767793
514,68783
515,8755785
516,16158542
517,7332
518,5094
519,3407877
520,17690
521,22205
522,6314763
523,8921
524,11468377
525,402045
526,15926
527,18775247
528,140075
529,420282
530,125507
531,32682
532,16071764
533,170210
534,10429045
535,17214
536,12033455
537,10959
538,11260526
539,76778
540,7331435
541,84369
542,1326258
543,13372690
544,544891
545,42149
546,10357575
547,46787
548,480204
549,140079
550,2526
551,7905092
552,15812814
553,852470
554,3805
555,88061
556,46677
557,2767
558,251688
559,6690798
560,2744
561,5664985
562,18693763
563,9328
564,11573
565,15796700
566,233667
567,15731779
568,6289283
569,18293427
570,8337
571,14201
572,12127810
573,2536134
574,3466
575,1067
576,10847
577,11447921
578,10569
579,1472878
580,2120652
581,18214414
582,43814
583,9118135
584,13539044
585,33507
586,14942
587,13486632
588,10589
589,4687
590,10605
591,54479
592,53496
593,1430
594,764347
595,10988
596,13414446
597,12938
598,12898
599,531350
600,11742691
601,10975
602,17571564
603,9539
604,33600
605,101299
606,77566
607,5308
608,179780
609,7937462
610,77142
611,546018
612,96358
613,16981
614,9822
615,39662
616,33926
617,13453029
618,28881
619,12868761
620,518848
621,15753740
622,12578077
623,8694
624,17167166
625,6644117
626,256008
627,32145
628,8709527
629,6063187
630,375013
631,92057
632,23754
633,110737
634,21686
635,188572
636,13006
637,9938498
638,47021
639,13206828
640,341879
641,567616
642,4134071
643,32669
644,30120
645,7821447
646,23955
647,6614960
648,22917
649,3980
650,16130549
651,4271
652,15760001
653,32423
654,821611
655,6224935
656,7108001
657,12985
658,6917952
659,5096
660,18302455
661,9673436
662,5479
663,18812405
664,16070903
665,18081809
666,6262365
667,12497
668,6101138
669,6294
670,16902
671,28921
672,10766509
673,10746542
674,5960325
675,5659
676,15749186
677,9516
678,6931356
679,1295102
680,268602
681,204042
682,13227454
683,13262783
684,24128
685,402093
686,42900
687,16096824
688,13584236
689,6393631
690,5472
691,13538873
692,43448
693,25899336
694,139463
695,1625
696,902
697,15839976
698,3227063
699,30868
700,15745950
701,17332218
702,301736
703,10967
704,10628
705,126232
706,3867
707,2199
708,7091488
709,11989
710,78418
711,13547180
712,305234
713,27712
714,41681
715,2800905
716,63697
717,92364
718,78433
719,23164983
720,359770
721,17235026
722,77013
723,98573
724,35729
725,29580
726,91477
727,15751404
728,64216
729,7815
730,112537
731,43758
732,61535
733,4965
734,32508
735,10140661
736,6643090
737,5598113
738,10909
739,9067850
740,51964
741,32692
742,6427
743,327847
744,21611
745,10585
746,944073
747,7354
748,22318578
749,18460392
750,231604
751,17402605
752,10964693
753,16527
754,22609317
755,17675462
756,547094
757,1736739
758,20588698
759,6137154
760,17716
761,43035
762,4978
763,16081272
764,15776309
765,18693716
766,11899
767,15858248
768,4136
769,10584
770,9369720
771,13089710
772,11500217
773,187020
774,13895
775,20820994
776,22283
777,5091
778,9418
779,5544
780,6654313
781,3579
782,19089
783,13496084
784,30
785,13517535
786,425029
787,11597
788,7968243
789,17182126
790,766020
791,6398634
792,216363
793,15645
794,11559200
795,18816603
796,71811
797,872333
798,25489625
799,15997
800,6463967
801,8621462
802,8253920
803,540020
804,8909152
805,3090465
806,12875258
807,11408650
808,6854
809,10194157
810,15797938
811,14290364
812,61666
813,9961796
814,3711
815,35982
816,8659601
817,15815333
818,13508607
819,8698
820,32263
821,17572903
822,68487
823,414999
824,25460
825,20613470
826,35231
827,18705209
828,26247008
829,15704307
830,10996342
831,4631
832,44652
833,438492
834,91476
835,10884
836,15842441
837,5899779
838,15790837
839,12505
840,365
841,1809465
842,22716447
843,18126198
844,23453112
845,11594337
846,68427
847,2118745
848,33512
849,3720975
850,5093
851,13125947
852,14836
853,535441
854,5348
855,703292
856,22918050
857,9419
858,5890
859,5821978
860,6422
861,29209
862,6402364
863,112750
864,234184
865,5797
866,4982
867,10625
868,25781157
869,21326
870,1633
871,13103
872,12294652
873,12959233
874,19288239
875,82970
876,59716
877,105576
878,19057
879,31463
880,34507
881,24800
882,85379
883,17288661
884,8652190
885,213753
886,17407748
887,25644601
888,106
889,17267
890,6466909
891,24445517
892,51893
893,156538
894,11330361
895,7913305
896,8650
897,9593913
898,13890
899,394535
900,12751687
901,13440
902,22206
903,6969361
904,263145
905,91478
906,17788401
907,293101
908,11713
909,13639050
910,11012
911,5941033
912,227865
913,43933
914,17660
915,5287473
916,13099738
917,816
918,16102004
919,5204
920,102920
921,7842288
922,12391521
923,14865
924,15159
925,13624688
926,33456
927,334123
928,611298
929,42697
930,77163
931,2052
932,11230081
933,65119
934,11250053
935,17314430
936,3293821
937,13047090
938,13104080
939,25074850
940,26893819
941,179064
942,21671
943,7619057
944,62446
945,6423
946,13596166
947,13154150
948,46164
949,92517
950,13586707
951,10054335
952,61179
953,7824322
954,439173
955,13602426
956,18130
957,13615258
958,22822858
959,7981206
960,60792
961,12000020
962,10374
963,1428
964,133266
965,13486122
966,77390
967,824204
968,16176440
969,338798
970,816953
971,11901
972,24612118
973,22695
974,138959
975,46654
976,131123
977,6424
978,5391115
979,91479
980,786256
981,6425
982,150037
983,22288
984,4952
985,23878
986,10587120
987,17262100
988,60400
989,5152478
990,45112
991,228296
992,59219
993,140974
994,412732
995,6468666
996,11869272
997,152380
998,1971304
999,1421990
1000,31456
1001,334643
1002,10611
1003,8855321
1004,18006496
1005,15197
1006,40331
1007,12987977
1008,16213
1009,9557
1010,17465453
1011,8600
1012,30264
1013,2832909
1014,7488244
1015,73186
1016,13888
1017,13503109
1018,227265
1019,6584188
1020,10194514
1021,111450
1022,9014
1023,5413
1024,83369
1025,43369
1026,17029526
1027,10798416
1028,9566
1029,347852
1030,99383
1031,297249
1032,16171291
1033,10600242
1034,17927395
1035,9439303
1036,85301
1037,5191
1038,11762
1039,25179
1040,2731276
1041,5171
1042,469571
1043,3586
1044,1237398
1045,29127
1046,781110
1047,22551730
1048,77270
1049,18144124
1050,6295
1051,11192642
1052,360
1053,10883
1054,8366402
1055,304027
1056,323355
1057,813214
1058,17683
1059,18966819
1060,47989
1061,6516450
1062,25574782
1063,944076
1064,20926278
1065,7779
1066,13139
1067,6690979
1068,13206900
1069,51497
1070,13027304
1071,3428935
1072,29797
1073,12893742
1074,472343
1075,1278752
1076,13891
1077,91474
1078,17876
1079,16131484
1080,43545
1081,38990
1082,16031620
1083,7743175
1084,12700353
1085,7823678
1086,147074
1087,25019
1088,15195
1089,27003
1090,38210
1091,20819685
1092,7726143
1093,11003
1094,28195
1095,599
1096,91475
1097,18498569
1098,259836
1099,37586
1100,16054217
1101,615570
1102,407429
1103,6587879
1104,10414941
1105,6080337
1106,6668467
1107,711901
1108,3754016
1109,11594257
1110,3464
1111,10127019
1112,8709523
1113,44688
1114,767171
1115,10073
1116,106134
1117,10619
1118,220969
1119,10757833
1120,10913
1121,153025
1122,11254250
1123,3754026
1124,7996
1125,30474
1126,28187230
1127,228560
1128,7747064
1129,12401556
1130,5084
1131,21844019
1132,11827808
1133,38501
1134,331920
1135,6486483
1136,29291
1137,28
1138,927979
1139,6465707
1140,85990
1141,18692431
1142,7714
1143,13438524
1144,363752
1145,3388
1146,194373
1147,11529868
1148,44687
1149,991197
1150,187181
1151,321552
1152,147865
1153,774001
1154,16140036
1155,20560137
1156,1240662
1157,15819028
1158,16081961
1159,297792
1160,31242
1161,775597
1162,29396
1163,6202342
1164,22450859
1165,5098079
1166,77565
1167,21704
1168,83346
1169,460548
1170,22453035
1171,6065215
1172,112204
1173,130580
1174,147915
1175,348573
1176,11602
1177,28587957
1178,11298
1179,252499
1180,12812550
1181,144350
1182,10576365
1183,1427
1184,23346377
1185,17728
1186,21535271
1187,18478222
1188,17780
1189,13281368
1190,17125
1191,164154
1192,7728
1193,4954833
1194,8525590
1195,27161156
1196,113435
1197,35220
1198,21413662
1199,55399
1200,77276
1201,31336
1202,43892
1203,22501028
1204,30555488
1205,106085
1206,8685612
1207,16034964
1208,13573236
1209,776407
1210,7165300
1211,6976
1212,6574102
1213,29437949
1214,682804
1215,13362536
1216,6512154
1217,12716010
1218,8564935
1219,130440
1220,22609310
1221,15034320
1222,7675
1223,12875355
1224,5246
1225,27362503
1226,25100
1227,18423
1228,3213286
1229,7912007
1230,20696006
1231,32439
1232,12658
1233,48328
1234,18545
1235,9409458
1236,6617928
1237,10407279
1238,91244
1239,7667
1240,13812
1241,854757
1242,318431
1243,20707959
1244,29999
1245,8949352
1246,6585201
1247,6440
1248,86663
1249,7719245
1250,13127599
1251,784911
1252,10305231
1253,2195464
1254,8680278
1255,6480781
1256,136782
1257,95617
1258,106069
1259,298275
1260,3507
1261,12287209
1262,13662
1263,3475161
1264,608474
1265,31338
1266,2402971
1267,766955
1268,1412138
1269,9378297
1270,4929705
1271,248596
1272,11334
1273,505304
1274,5196
1275,13188676
1276,568645
1277,285205
1278,12216302
1279,6759
1280,18297707
1281,530965
1282,9850443
1283,68591
1284,18521
1285,8492856
1286,23437156
1287,17020
1288,23734628
1289,18149927
1290,9579634
1291,9593
1292,7661
1293,13376
1294,27494
1295,32067
1296,10079321
1297,1052
1298,10915
1299,189802
1300,53764
1301,25893709
1302,1158967
1303,8058301
1304,44659
1305,342445
1306,21104828
1307,15811545
1308,17200687
1309,17799
1310,9592
1311,32559
1312,232576
1313,20821087
1314,7507825
1315,82748
1316,338691
1317,9300
1318,943402
1319,12971616
1320,32552
1321,5454
1322,7664334
1323,34494
1324,11710373
1325,7402393
1326,6324090
1327,100464
1328,357
1329,22544764
1330,22816087
1331,16278318
1332,209194
1333,139069
1334,23220
1335,27833670
1336,23174274
1337,23899174
1338,131359
1339,14061955
1340,465226
1341,6050678
1342,4499669
1343,263050
1344,77262
1345,11561469
1346,6485421
1347,6259
1348,7243142
1349,5176
1350,2179276
1351,12680907
1352,6604794
1353,34504
1354,17617277
1355,15729539
1356,337113
1357,13600318
1358,65111
1359,11381643
1360,91767
1361,11918
1362,191113
1363,17347389
1364,264
1365,99300
1366,26245850
1367,20317106
1368,4325
1369,14568987
1370,18749
1371,105578
1372,23209927
1373,11607
1374,68210
1375,2794
1376,11389875
1377,8428064
1378,15575
1379,32418
1380,395871
1381,1466455
1382,5174
1383,10626594
1384,18966806
1385,201341
1386,23848559
1387,13810
1388,15505346
1389,8492768
1390,2168860
1391,1282954
1392,12615008
1393,160629
1394,91253
1395,98427
1396,65118
1397,330744
1398,226162
1399,6134826
1400,12849385
1401,2161733
1402,23751850
1403,4008
1404,17306293
1405,8357992
1406,454856
1407,84136
1408,58027
1409,17876893
1410,29946
1411,6381205
1412,17623975
1413,1661957
1414,7170627
1415,760
1416,773038
1417,12543
1418,8835379
1419,6581511
1420,216443
1421,13837
1422,259538
1423,18641982
1424,9496240
1425,14064
1426,150739
1427,455925
1428,13642950
1429,474858
1430,10428708
1431,33514
1432,12948
1433,100365
1434,9572203
1435,166997
1436,42607
1437,95431
1438,12609
1439,3128411
1440,8709526
1441,16243
1442,17910611
1443,25099
1444,2743
1445,17855756
1446,13547188
1447,10588
1448,13324841
1449,18310944
1450,13569581
1451,7137775
1452,93007
1453,9915
1454,7093952
1455,18467802
1456,9301
1457,41811
1458,17800
1459,232109
1460,3432478
1461,189783
1462,7741325
1463,17333230
1464,826584
1465,4143
1466,34517
1467,17303
1468,401514
1469,3679
1470,59829
1471,645023
1472,8492319
1473,6566722
1474,4659
1475,25350
1476,6687
1477,826585
1478,567678
1479,10112885
1480,16085481
1481,51428
1482,344262
1483,24120519
1484,102458
1485,13643567
1486,15724396
1487,89717
1488,18864
1489,7933617
1490,38500
1491,6587387
1492,31259
1493,68488
1494,20821111
1495,59810
1496,30659
1497,41219
1498,2753843
1499,19668
1500,14241
1501,15985348
1502,24830
1503,15852756
1504,17934530
1505,11479285
1506,58922
1507,8520362
1508,10617
1509,17568801
1510,11331421
1511,8935689
1512,759945
1513,17337562
1514,768889
1515,180617
1516,9565548
1517,249
1518,7952502
1519,18386
1520,23995231
1521,10950924
1522,113304
1523,12983100
1524,42603
1525,1840511
1526,83674
1527,4494917
1528,13507212
1529,2921082
1530,857502
1531,11991
1532,7572
1533,6138
1534,374233
1535,13521
1536,6531
1537,106264
1538,7857195
1539,7015403
1540,28214365
1541,6267237
1542,133526
1543,17340050
1544,10566
1545,495395
1546,42432
1547,18465657
1548,40493
1549,15811568
1550,78039
1551,13872
1552,5527
1553,5452
1554,187065
1555,11600163
1556,23604559
1557,7959473
1558,13588356
1559,17333319
1560,45162
1561,40189
1562,37186
1563,15781725
1564,25346
1565,23219
1566,11925514
1567,43330
1568,1254951
1569,19330
1570,11650
1571,24453082
1572,19486421
1573,646462
1574,476543
1575,2845024
1576,6433752
1577,34532
1578,16130291
1579,11768
1580,762053
1581,7746259
1582,24861
1583,282282
1584,6597651
1585,92308
1586,9627755
1587,38619
1588,17255265
1589,43944
1590,395233
1591,20698530
1592,23153154
1593,2138727
1594,22055262
1595,3398625
1596,15704459
1597,28249
1598,6693332
1599,6977769
1600,24780
1601,2355575
1602,62953
1603,11966216
1604,113934
1605,9684523
1606,2722413
1607,2152
1608,21965107
1609,22543496
1610,12591698
1611,13454149
1612,6882
1613,56373
1614,11607446
1615,44184
1616,9814682
1617,132336
1618,16148398
1619,1651302
1620,15717876
1621,9533378
1622,22076
1623,286957
1624,12499290
1625,18189606
1626,7907803
1627,165030
1628,18050143
1629,28260587
1630,26025580
1631,16790
1632,12820793
1633,4985
1634,16141924
1635,2279
1636,28381
1637,26074181
1638,551876
1639,8204005
1640,20803953
1641,76171
1642,239399
1643,6150
1644,18943
1645,4268
1646,25494343
1647,2325825
1648,587582
1649,89723
1650,7182899
1651,5056084
1652,22188
1653,149572
1654,15823461
1655,23692271
1656,9902804
1657,10805160
1658,16001893
1659,569564
1660,13651
1661,935308
1662,7933437
1663,32424
1664,21436
1665,28815474
1666,11563110
1667,17333324
1668,4122
1669,20758175
1670,17349
1671,6408862
1672,95558
1673,227603
1674,24784
1675,17888952
1676,61115
1677,17884042
1678,280111
1679,10993282
1680,110391
1681,68378
1682,40445
1683,17131869
1684,20604826
1685,193755
1686,13538641
1687,25387351
1688,7159515
1689,4912
1690,22489107
1691,361459
1692,14940
1693,17841
1694,21445
1695,153008
1696,7501962
1697,6686092
1698,462033
1699,43916
1700,34527
1701,29981261
1702,5604848
1703,16134782
1704,19448
1705,23228
1706,17349023
1707,7778981
1708,95186
1709,3570231
1710,41424
1711,6604712
1712,13637412
1713,10429092
1714,7137327
1715,232145
1716,3217221
1717,6043849
1718,30241
1719,30263
1720,25852870
1721,6988014
1722,19103097
1723,10979
1724,13641208
1725,5267365
1726,26
1727,21343
1728,16136959
1729,25111004
1730,15724654
1731,11250317
1732,29405093
1733,99944
1734,431
1735,89763
1736,7455
1737,108077
1738,497199
1739,10215349
1740,22319275
1741,15814872
1742,232123
1743,10596
1744,25101
1745,13644052
1746,7930335
1747,6746018
1748,23125266
1749,325128
1750,12900174
1751,261240
1752,11206
1753,9680718
1754,93263
1755,12716613
1756,292408
1757,18989
1758,13253276
1759,712313
1760,72159
1761,91981
1762,9522
1763,6828896
1764,18712886
1765,3552023
1766,46777
1767,15818362
1768,22571540
1769,45195
1770,19549841
1771,26046
1772,2903736
1773,11808950
1774,12341557
1775,68527
1776,11947829
1777,23876
1778,3992598
1779,1297985
1780,25526965
1781,59952
1782,6697305
1783,58077
1784,9888775
1785,15784909
1786,205330
1787,12781
1788,6178648
1789,866222
1790,17158596
1791,3860977
1792,356321
1793,8458018
1794,6316821
1795,6834410
1796,16151178
1797,9517
1798,149302
1799,6728738
1800,104378
1801,18080920
1802,129650
1803,9876989
1804,12432220
1805,85386
1806,56627
1807,400412
1808,201146
1809,34529
1810,62530
1811,28876
1812,444304
1813,7497897
1814,3392089
1815,5861926
1816,85437
1817,46945
1818,128066
1819,16033902
1820,3052106
1821,11557
1822,22522805
1823,68494
1824,2442
1825,721012
1826,346087
1827,9912994
1828,8584686
1829,2715
1830,31173
1831,10552338
1832,14740588
1833,6117055
1834,392297
1835,356896
1836,3758
1837,83144
1838,17999892
1839,7148256
1840,6642402
1841,13330761
1842,19494
1843,133664
1844,6443834
1845,4004
1846,13529
1847,13359067
1848,12177850
1849,16158558
1850,7198988
1851,25734248
1852,6255144
1853,15820748
1854,16069030
1855,71332
1856,17465515
1857,6406018
1858,15803059
1859,118944
1860,15990969
1861,7141642
1862,18525
1863,84145
1864,180116
1865,30242
1866,19286669
1867,9597
1868,10155
1869,34511
1870,60931
1871,525488
1872,17378508
1873,43945
1874,15783307
1875,7540092
1876,10128428
1877,9917938
1878,13131
1879,40395
1880,17262203
1881,24244
1882,12022079
1883,16117506
1884,127459
1885,5197
1886,24820165
1887,18144115
1888,381102
1889,14061957
1890,13152194
1891,743599
1892,15654
1893,3054684
1894,7936809
1895,10065
1896,7274337
1897,15861491
1898,8732
1899,498389
1900,5159
1901,190361
1902,9268487
1903,8680417
1904,9303
1905,34501
1906,50365
1907,22738563
1908,8087906
1909,22320
1910,21936809
1911,355916
1912,10890
1913,13836
1914,30013
1915,18798983
1916,6260997
1917,10798418
1918,18243700
1919,334176
1920,10910
1921,20727654
1922,10335318
1923,89724
1924,216442
1925,17262159
1926,183656
1927,112803
1928,45546
1929,21423525
1930,66695
1931,34510
1932,12513614
1933,81959
1934,23278537
1935,13562049
1936,17333880
1937,19675
1938,8592946
1939,156427
1940,45100
1941,41977
1942,23513349
1943,8196732
1944,20518872
1945,154798
1946,12891107
1947,187811
1948,4898
1949,6431790
1950,8546358
1951,815234
1952,33453
1953,18104607
1954,77711
1955,413158
1956,6448470
1957,9809
1958,11096647
1959,17905709
1960,26582
1961,73070
1962,13707738
1963,7227174
1964,16183
1965,332775
1966,452157
1967,9462795
1968,7739934
1969,67238
1970,23745132
1971,63720
1972,1524173
1973,1325218
1974,26109394
1975,27323
1976,6316171
1977,15283043
1978,16131032
1979,5932
1980,382549
1981,1062516
1982,18053060
1983,7048800
1984,6588
1985,533465
1986,18813642
1987,19351043
1988,6537
1989,15055
1990,16139641
1991,18505796
1992,120230
1993,41821
1994,6393047
1995,297627
1996,169756
1997,752900
1998,6342491
1999,821056
2000,38333
2001,19358975
2002,20263040
2003,15994634
2004,4979
2005,17667452
2006,25893693
2007,23664710
2008,18428067
2009,13414676
2010,1672727
2011,1814843
2012,49221
2013,22416
2014,13833
2015,8099187
2016,37743
2017,22609391
2018,3147367
2019,15842230
2020,16065004
2021,17262155
2022,30633
2023,11010251
2024,13326831
2025,17908462
2026,13628209
2027,13829
2028,18039963
2029,9615347
2030,9912
2031,30262
2032,66693
2033,44597
2034,16286
2035,20821614
2036,13618440
2037,9284655
2038,105
2039,20821284
2040,7094569
2041,75024
2042,89165
2043,17983690
2044,18635113
2045,154424
2046,8171378
2047,20706317
2048,13623012
2049,937249
2050,6514074
2051,18140047
2052,10776793
2053,27071490
2054,7237456
2055,3410425
2056,3918010
2057,408615
2058,6686101
2059,16033842
2060,3722183
2061,667985
2062,57891
2063,5126859
2064,107301
2065,18667945
2066,188230
2067,6070950
2068,19670
2069,17343
2070,224500
2071,15676
2072,93794
2073,47558
2074,13147230
2075,13223520
2076,11438
2077,10790290
2078,17286747
2079,114144
2080,18879761
2081,17383994
2082,10908
2083,16150830
2084,3257136
2085,16248113
2086,30259
2087,20821043
2088,6604209
2089,6545536
2090,11082037
2091,500503
2092,17331349
2093,13436373
2094,92121
2095,18144053
2096,421129
2097,4005
2098,35519
2099,21418013
2100,17380041
2101,21412202
2102,13522285
2103,6389704
2104,138269
2105,30248
2106,16099159
2107,18498558
2108,12476820
2109,17802747
2110,395090
2111,13223349
2112,33457
2113,240976
2114,479415
2115,3047851
2116,433567
2117,7728889
2118,537070
2119,64218
2120,25102
2121,9302
2122,46601
2123,16429619
2124,8573020
2125,10762469
2126,9219901
2127,693016
2128,7263429
2129,20564
2130,7334201
2131,407813
2132,13570854
2133,10661081
2134,121732
2135,24113
2136,15790873
2137,53817
2138,74389
2139,17733898
2140,9838
2141,833710
2142,4703581
2143,4345498
2144,15748898
2145,124918
2146,7201913
2147,4983
2148,91248
2149,216422
2150,13578175
2151,552887
2152,13138635
2153,2986865
2154,4538
2155,7933615
2156,11454587
2157,32979
2158,7896345
2159,9833184
2160,6479550
2161,25152052
2162,47990
2163,704043
2164,8155
2165,15757434
2166,15791154
2167,5231173
2168,81922
2169,18593175
2170,9298
2171,17156015
2172,3049
2173,4921
2174,214614
2175,9570
2176,43328
2177,8718952
2178,9395215
2179,17255435
2180,586472
2181,33441
2182,899492
2183,7362158
2184,17565845
2185,23305614
2186,603422
2187,2517
2188,213647
2189,19004663
2190,16791
2191,13623150
2192,5972040
2193,26435
2194,2527900
2195,23754479
2196,53625
2197,14975
2198,7493
2199,6919272
2200,16142053
2201,7619292
2202,56034
2203,732562
2204,163977
2205,23814
2206,12647642
2207,25105
2208,3934321
2209,3467
2210,5954
2211,25106
2212,17199504
2213,31250
2214,175004
2215,50833
2216,12657
2217,673657
2218,7076706
2219,45252
2220,322351
2221,269322
2222,22522808
2223,1811543
2224,16062211
2225,6541
2226,77430
2227,969275
2228,89187
2229,14384
2230,10345927
2231,28251
2232,17383934
2233,24781
2234,9462812
2235,77295
2236,426504
2237,50033
2238,6570502
2239,24228353
2240,243705
2241,9594
2242,13540215
2243,17262366
2244,41967
2245,226378
2246,9943
2247,6862
2248,17448960
2249,20819682
2250,42172
2251,12299419
2252,2054761
2253,107779
2254,2836109
2255,18114060
2256,11691
2257,6348045
2258,715834
2259,1127996
2260,15937108
2261,6421588
2262,139417
2263,6781956
2264,157076
2265,954674
2266,136081
2267,304079
2268,22716194
2269,175983
2270,13834
2271,4922079
2272,385706
2273,9279177
2274,15567
2275,2498983
2276,9761771
2277,126381
2278,113429
2279,14383
2280,23093367
2281,18528454
2282,16071701
2283,16099180
2284,6224826
2285,13612739
2286,6388558
2287,7726892
2288,91357
2289,239186
2290,23341607
2291,18839
2292,2410506
2293,298230
2294,2299110
2295,6135237
2296,3657138
2297,775346
2298,2133795
2299,4452257
2300,634583
2301,11401915
2302,13588394
2303,25614492
2304,8379374
2305,7108725
2306,17345258
2307,9464733
2308,4699575
2309,22299763
2310,333867
2311,24431
2312,15839984
2313,11289
2314,3977
2315,920607
2316,15704486
2317,5664022
2318,15701217
2319,74731
2320,23602562
2321,16138688
2322,13402447
2323,7897478
2324,8662836
2325,390711
2326,28866
2327,16131077
2328,24499258
2329,18170143
2330,2321296
2331,206962
2332,103983
2333,45101
2334,20578940
2335,12962439
2336,7091370
2337,17860199
2338,20316309
2339,16044981
2340,176839
2341,23156040
2342,28250
2343,17202452
2344,45102
2345,15990489
2346,13154952
2347,13928
2348,37738
2349,78508
2350,7779059
2351,497164
2352,690866
2353,23638955
2354,2595138
2355,823
2356,17287028
2357,176327
2358,149847
2359,284440
2360,7805
2361,89788
2362,5338
2363,18007533
2364,7557548
2365,16120760
2366,13597728
2367,24388326
2368,30260
2369,12813630
2370,13079
2371,23492741
2372,12987640
2373,13545075
2374,7005865
2375,18739426
2376,11987
2377,16071745
2378,12204
2379,19547856
2380,383206
2381,12558285
2382,153540
2383,6174
2384,500743
2385,321577
2386,9542439
2387,219205
2388,47994
2389,3047848
2390,32501
2391,18659623
2392,94319
2393,68811
2394,20423680
2395,23009402
2396,13320466
2397,226706
2398,13413589
2399,3522419
2400,84151
2401,9086994
2402,12351649
2403,1470232
2404,22510983
2405,24950845
2406,71252
2407,25103
2408,826845
2409,122967
2410,25205422
2411,739840
2412,59924
2413,1362
2414,17798287
2415,5292853
2416,5356711
2417,6261522
2418,6870
2419,28541
2420,6428887
2421,714902
2422,152519
2423,8519822
2424,8255917
2425,16070521
2426,12866426
2427,16707
2428,15739018
2429,10464963
2430,8680
2431,18007535
2432,8428069
2433,18143905
2434,15835685
2435,17349203
2436,20898019
2437,178476
2438,18711993
2439,89716
2440,6723348
2441,17378527
2442,13152287
2443,235718
2444,8874743
2445,18003300
2446,85392
2447,7948230
2448,46199
2449,12425532
2450,84140
2451,80566
2452,16169737
2453,164531
2454,26245853
2455,8785374
2456,8559047
2457,5128
2458,315519
2459,25817531
2460,13495034
2461,184661
2462,1238684
2463,284996
2464,6780439
2465,18138189
2466,4264
2467,12700306
2468,402843
2469,25489025
2470,333538
2471,15985373
2472,6441509
2473,781046
2474,40929
2475,24983
2476,20767918
2477,20342617
2478,20881071
2479,84699
2480,6871617
2481,153784
2482,66692
2483,16052012
2484,38462
2485,17333227
2486,12749
2487,682920
2488,30245
2489,149196
2490,9634967
2491,32432
2492,6547187
2493,1434105
2494,2334751
2495,4110198
2496,51070
2497,47559
2498,14498
2499,27000
2500,16113737
2501,26252859
2502,7039218
2503,24911006
2504,509784
2505,371787
2506,65497
2507,18666047
2508,12652457
2509,153800
2510,1215290
2511,9555
2512,218427
2513,15014
2514,25669
2515,30071
2516,13615414
2517,22327
2518,16033906
2519,783291
2520,91953
2521,20454672
2522,17880708
2523,2195289
2524,161099
2525,7600924
2526,18209454
2527,703
2528,201345
2529,7801229
2530,691520
2531,14316
2532,15171
2533,43325
2534,4820
2535,435045
2536,7569223
2537,13638570
2538,415
2539,93728
2540,3686
2541,13369678
2542,35743
2543,214332
2544,7544603
2545,248484
2546,194366
2547,401679
2548,26827675
2549,6662883
2550,6667514
2551,682761
2552,85459
2553,6361871
2554,13644055
2555,30271
2556,22435
2557,380975
2558,15793184
2559,6289920
2560,300225
2561,352921
2562,13353667
2563,9465845
2564,1902241
2565,7592279
2566,24812
2567,94799
2568,17267122
2569,92143
2570,5941233
2571,11741
2572,511614
2573,119389
2574,747746
2575,38262
2576,175675
2577,3272165
2578,6891433
2579,24094
2580,298567
2581,32257
2582,11071466
2583,17162
2584,14118
2585,22836957
2586,25104
2587,765281
2588,10560331
2589,15778138
2590,17286958
2591,183822
2592,18656030
2593,19793
2594,93426
2595,9409469
2596,1362193
2597,9729504
2598,52635
2599,17704903
2600,6457081
2601,39031
2602,13497505
2603,106835
2604,2095
2605,9300768
2606,5296
2607,22557520
2608,1966969
2609,16303287
2610,13312527
2611,50144
2612,7095831
2613,385742
2614,325085
2615,4673605
2616,272315
2617,25242224
2618,1629601
2619,6578507
2620,10790277
2621,657371
2622,10836728
2623,44170
2624,7576115
2625,17831614
2626,18077903
2627,91760
2628,11580
2629,10785687
2630,29925
2631,151370
2632,8701129
2633,792161
2634,12820360
2635,16248311
2636,15704001
2637,15768191
2638,8459594
2639,140302
2640,10
2641,30016
2642,114230
2643,23512999
2644,9835731
2645,331319
2646,9503336
2647,22896
2648,13536649
2649,23395680
2650,37034
2651,5061675
2652,8811134
2653,24422492
2654,327255
2655,10990
2656,9681214
2657,9297774
2658,18353714
2659,52372
2660,1168341
2661,15595
2662,40200
2663,8709524
2664,16255
2665,7673
2666,11100431
2667,3863861
2668,138396
2669,7468160
2670,7505716
2671,6547188
2672,11505008
2673,18500665
2674,36315
2675,8138071
2676,160149
2677,15015
2678,23705512
2679,7926569
2680,268601
2681,16002136
2682,11312
2683,6375845
2684,53498
2685,121927
2686,127586
2687,2679633
2688,1388813
2689,6424184
2690,125963
2691,347610
2692,12283261
2693,10059498
2694,10138607
2695,11093329
2696,9761778
2697,28678119
2698,37426
2699,99894
2700,884288
2701,2003625
2702,13330603
2703,7091713
2704,17828418
2705,3173558
2706,12099007
2707,10776592
2708,22571552
2709,81779
2710,11711
2711,80670
2712,26236956
2713,10047589
2714,92780
2715,12842134
2716,17876897
2717,12605157
2718,33458
2719,154091
2720,29780253
2721,107770
2722,3238153
2723,77554
2724,1087075
2725,124509
2726,9282
2727,106076
2728,76664
2729,857501
2730,11861062
2731,1611656
2732,38787
2733,77391
2734,34080
2735,22875451
2736,861326
2737,531989
2738,910863
2739,74928
2740,228261
2741,122125
2742,281433
2743,573201
2744,7098304
2745,18108281
2746,365990
2747,19068
2748,11198480
2749,900065
2750,286507
2751,2693801
2752,68520
2753,59969
2754,226791
2755,6411016
2756,37526
2757,522776
2758,29430012
2759,6792458
2760,32585
2761,18465852
2762,11112619
2763,3134981
2764,359375
2765,17402288
2766,22544024
2767,85448
2768,32502
2769,9307674
2770,414895
2771,7600922
2772,182496
2773,356373
2774,592657
2775,28547
2776,13049981
2777,29354916
2778,568454
2779,41810
2780,16718083
2781,16277248
2782,5509920
2783,30225
2784,26192467
2785,682745
2786,59978
2787,82747
2788,25816688
2789,19346451
2790,387749
2791,9646
2792,18635622
2793,7747263
2794,16109563
2795,949709
2796,28233082
2797,1270615
2798,3562
2799,113205
2800,68528
2801,64582
2802,13722902
2803,10959277
2804,1713912
2805,6538757
2806,11366397
2807,45244
2808,7035
2809,4570679
2810,16240761
2811,84132
2812,33455
2813,26114135
2814,16101126
2815,7800188
2816,26891429
2817,395962
2818,22874559
2819,11872242
2820,13151129
2821,687278
2822,9999107
2823,659612
2824,13547381
2825,641604
2826,16131489
2827,426825
2828,24876258
2829,23529
2830,86321
2831,1499952
2832,161887
2833,127584
2834,12394068
2835,17411703
2836,19288321
2837,31979
2838,5152561
2839,11227041
2840,32628
2841,29
2842,25564665
2843,73089
2844,59830
2845,17204568
2846,187812
2847,3609763
2848,297135
2849,517188
2850,138202
2851,13477676
2852,18465566
2853,13184572
2854,1883838
2855,4957350
2856,22843341
2857,5695
2858,84144
2859,49455
2860,8346300
2861,85987
2862,18301124
2863,29430013
2864,138685
2865,17910054
2866,13325079
2867,99315
2868,59822
2869,17834834
2870,16435
2871,2866413
2872,123598
2873,28449257
2874,4656
2875,78131
2876,15768409
2877,40290
2878,146274
2879,6631792
2880,10327303
2881,18298225
2882,25153134
2883,846984
2884,481446
2885,11709037
2886,72854
2887,1519
2888,17167084
2889,347656
2890,54984
2891,111222
2892,747061
2893,8163722
2894,6315602
2895,9413044
2896,3400816
2897,1426
2898,2548866
2899,9923372
2900,18660447
2901,161426
2902,9166559
2903,6006518
2904,6013511
2905,91714
2906,23212667
2907,28449270
2908,28691
2909,45685
2910,18630542
2911,16134551
2912,327246
2913,613283
2914,31341
2915,10816908
2916,153785
2917,18170039
2918,816870
2919,172732
2920,16090636
2921,6437061
2922,63033
2923,11300302
2924,6801582
2925,594361
2926,11198312
2927,266904
2928,7164343
2929,112754
2930,12722468
2931,19101283
2932,6839093
2933,29187
2934,7743117
2935,182381
2936,11761
2937,50140
2938,6368610
2939,13448656
2940,20980987
2941,14288998
2942,95406
2943,215543
2944,7194
2945,248482
2946,93724
2947,21456940
2948,16055
2949,3378
2950,23168277
2951,17375956
2952,12326644
2953,1298205
2954,22698568
2955,13256064
2956,8724779
2957,99664
2958,31337
2959,832543
2960,7036
2961,16158535
2962,25558608
2963,9410421
2964,4600
2965,2277444
2966,2501458
2967,234501
2968,16282066
2969,25066991
2970,243685
2971,672875
2972,24782
2973,136637
2974,114166
2975,2169506
2976,125955
2977,6758331
2978,4601396
2979,5693
2980,11433
2981,64481
2982,192893
2983,11922
2984,2277378
2985,668
2986,20443207
2987,18282800
2988,17562900
2989,17399160
2990,17830123
2991,59821
2992,162719
2993,16122643
2994,18404427
2995,911579
2996,15858
2997,21969786
2998,293625
2999,95621
3000,16158596
3001,20701984
3002,16140408
3003,30069
3004,22584
3005,73385
3006,7157310
3007,261243
3008,2918374
3009,5776788
3010,5556466
3011,89399
3012,6319978
3013,16101018
3014,93729
3015,11281852
3016,3181953
3017,88077
3018,17234658
3019,45245
3020,119382
3021,13537891
3022,10639
3023,13565914
3024,7723797
3025,10954979
3026,7766027
3027,17880714
3028,23398625
3029,1031461
3030,1220507
3031,15734464
3032,15790883
3033,294042
3034,28763485
3035,23717678
3036,38180
3037,22749994
3038,6257535
3039,20764879
3040,139220
3041,241823
3042,169879
3043,54270
3044,12368985
3045,33727
3046,8537327
3047,12995284
3048,13323842
3049,7099273
3050,86643
3051,1429082
3052,73086
3053,7815744
3054,12358
3055,18505832
3056,141526
3057,32416
3058,2149535
3059,10914
3060,6945530
3061,86147
3062,16158519
3063,1894269
3064,6337006
3065,858037
3066,51799
3067,9893331
3068,25010281
3069,13530981
3070,18134249
3071,2054
3072,2050
3073,24779
3074,6289938
3075,15993374
3076,12959086
3077,17032328
3078,20170296
3079,313631
3080,12588363
3081,18225810
3082,22886612
3083,653396
3084,17792606
3085,13538552
3086,4835
3087,16058610
3088,13450339
3089,83143
3090,17910124
3091,18079804
3092,53639
3093,11337189
3094,8475505
3095,73297
3096,24814
3097,12413836
3098,10033
3099,13452375
3100,23215469
3101,10343389
3102,18505784
3103,3157876
3104,261331
3105,8680418
3106,17456328
3107,12954620
3108,244383
3109,7005479
3110,99329
3111,22717015
3112,63032
3113,15799936
3114,8960
3115,14185
3116,23128304
3117,8579016
3118,181886
3119,398323
3120,51078
3121,25451555
3122,102733
3123,207569
3124,46227
3125,470495
3126,13554713
3127,43886
3128,26114
3129,12326627
3130,377425
3131,11313
3132,1591
3133,5983057
3134,12444166
3135,15062217
3136,85957
3137,13521459
3138,85443
3139,13202092
3140,18656006
3141,50930
3142,133765
3143,84142
3144,474634
3145,8069535
3146,6368611
3147,27209486
3148,13624367
3149,771332
3150,42369
3151,13481275
3152,15705011
3153,345299
3154,17332969
3155,9666812
3156,156530
3157,867248
3158,30253864
3159,317282
3160,43805
3161,283494
3162,4932435
3163,32650
3164,11660590
3165,3832
3166,8581936
3167,6604887
3168,31845516
3169,318742
3170,45220
3171,8069828
3172,6080822
3173,25690958
3174,275
3175,16033909
3176,24790
3177,20575411
3178,34988
3179,26192646
3180,110384
3181,89755
3182,33547
3183,3648
3184,23281906
3185,29154543
3186,8045080
3187,20706284
3188,18108877
3189,11970096
3190,14781501
3191,14897790
3192,12617758
3193,16131025
3194,85958
3195,13366259
3196,85418
3197,16117804
3198,48132
3199,11449
3200,30065028
3201,11574
3202,14570
3203,11947156
3204,16071748
3205,15981894
3206,20697435
3207,9266776
3208,30240
3209,11946245
3210,61663
3211,17449417
3212,2251306
3213,8435445
3214,519112
3215,12395
3216,16130537
3217,21362
3218,248682
3219,825508
3220,27001
3221,12872236
3222,6628
3223,519048
3224,6419566
3225,191170
3226,1624
3227,4066312
3228,31862
3229,12758317
3230,433533
3231,39033
3232,8676
3233,11395597
3234,10193062
3235,18594409
3236,9832370
3237,10874177
3238,3018539
3239,58889
3240,16431
3241,27406704
3242,210834
3243,15711341
3244,319644
3245,3116205
3246,44255
3247,16099189
3248,226004
3249,926908
3250,385228
3251,22934446
3252,22914448
3253,7863423
3254,16247792
3255,15748335
3256,19095025
3257,18966322
3258,11942639
3259,206309
3260,49250
3261,8811139
3262,28477789
3263,189147
3264,114132
3265,106646
3266,201175
3267,161744
3268,54529
3269,13416236
3270,7148931
3271,58314
3272,17314410
3273,13435889
3274,149049
3275,98920
3276,17237214
3277,5171894
3278,153779
3279,6122735
3280,426025
3281,5883777
3282,321545
3283,84139
3284,4935682
3285,5558786
3286,5396496
3287,17171909
3288,9799
3289,18077769
3290,277190
3291,251762
3292,182012
3293,236208
3294,6530
3295,291354
3296,32638
3297,2653622
3298,17660462
3299,25564446
3300,3585344
3301,478951
3302,16119079
3303,22341276
3304,10098912
3305,86424
3306,7783920
3307,7954556
3308,9897164
3309,6202661
3310,2213324
3311,25190
3312,26596
3313,1635
3314,20663702
3315,7096123
3316,15730101
3317,373915
3318,6819
3319,21219083
3320,8709528
3321,5983694
3322,125190
3323,9442157
3324,20525628
3325,1407874
3326,15811495
3327,23553419
3328,2873
3329,15797397
3330,368916
3331,5153799
3332,14572
3333,29868610
3334,24429934
3335,7307795
3336,107032
3337,16085517
3338,32626
3339,56842
3340,1772910
3341,5215879
3342,31168
3343,114129
3344,22237161
3345,21325
3346,28077464
3347,11301
3348,17733861
3349,15827066
3350,102953
3351,12880428
3352,867650
3353,10875239
3354,773606
3355,10599805
3356,124524
3357,93768
3358,7856305
3359,148821
3360,25454883
3361,828387
3362,22693182
3363,42512
3364,92367
3365,568236
3366,900
3367,64864
3368,8476248
3369,11720382
3370,233044
3371,7144426
3372,27252717
3373,3121162
3374,11544421
3375,9970042
3376,99610
3377,456028
3378,10680329
3379,17455585
3380,1717890
3381,32769
3382,465904
3383,6596547
3384,13489517
3385,107195
3386,22904
3387,1059680
3388,48467
3389,220826
3390,187124
3391,10790516
3392,515905
3393,11178225
3394,2182780
3395,18176747
3396,11051889
3397,228990
3398,18527947
3399,10909804
3400,3492020
3401,23534
3402,19161852
3403,13568322
3404,67931
3405,2113260
3406,6164358
3407,10149142
3408,7147831
3409,18728
3410,414298
3411,10739
3412,87346
3413,9461872
3414,349090
3415,2501455
3416,426625
3417,21535019
3418,2029176
3419,23301545
3420,18114142
3421,18750
3422,285011
3423,13041934
3424,3124249
3425,545951
3426,7942786
3427,17312201
3428,4701550
3429,10400407
3430,294047
3431,114184
3432,6528
3433,254308
3434,18167006
3435,589979
3436,8534799
3437,7824997
3438,34072
3439,16163690
3440,7135858
3441,7849341
3442,27526
3443,18114068
3444,6512140
3445,25807
3446,8293938
3447,10710392
3448,21853628
3449,16279856
3450,74036
3451,18373214
3452,3304
3453,68497
3454,28553
3455,9545064
3456,18646
3457,42692
3458,1330324
3459,99245
3460,6323821
3461,10115852
3462,469901
3463,16093188
3464,4703450
3465,895886
3466,178788
3467,1013383
3468,250024
3469,18667307
3470,352262
3471,170619
3472,22680
3473,11777020
3474,22910900
3475,16131193
3476,184419
3477,2198274
3478,30243
3479,1297150
3480,228534
3481,16062210
3482,16070018
3483,83539
3484,12611073
3485,16248078
3486,8296140
3487,18295852
3488,7991200
3489,91247
3490,49596
3491,53413
3492,25689074
3493,43927
3494,764434
3495,21853633
3496,223380
3497,53926
3498,6449290
3499,32523
3500,969177
3501,29519514
3502,16054811
3503,9296438
3504,52640
3505,170650
3506,215542
3507,11227040
3508,133486
3509,16054808
3510,17208
3511,6926176
3512,97860
3513,13986
3514,424
3515,43917
3516,7285498
3517,12070846
3518,277191
3519,13561164
3520,10445208
3521,24452249
3522,23346918
3523,2833172
3524,21681
3525,9917945
3526,17201095
3527,268604
3528,17316075
3529,184040
3530,18668066
3531,64857
3532,10846336
3533,22611920
3534,79426
3535,92160
3536,16116760
3537,20309175
3538,18616975
3539,659388
3540,66370
3541,13573795
3542,11076177
3543,76740
3544,9578590
3545,199786
3546,25644437
3547,16122034
3548,3678651
3549,4070095
3550,651260
3551,138397
3552,6277410
3553,24818
3554,80369
3555,68531
3556,13630171
3557,30002998
3558,96081
3559,248470
3560,12925063
3561,6918909
3562,18652002
3563,2458340
3564,18884
3565,22674105
3566,15793186
3567,14362
3568,9913
3569,2033352
3570,27530
3571,9804
3572,11450360
3573,18468559
3574,5367
3575,7519472
3576,11382346
3577,12384157
3578,22543
3579,133445
3580,18584855
3581,128092
3582,9397967
3583,263179
3584,17831616
3585,327242
3586,8046350
3587,18341046
3588,49011
3589,20257122
3590,7797874
3591,18336965
3592,22693211
3593,15811496
3594,47956
3595,18142329
3596,31342
3597,568592
3598,43818
3599,30226
3600,31176886
3601,6359434
3602,181116
3603,17231976
3604,310272
3605,64955
3606,1402668
3607,822
3608,11275323
3609,17165932
3610,24940998
3611,13821
3612,102461
3613,428
3614,125926
3615,4006
3616,19561922
3617,6665671
3618,457264
3619,15703770
3620,28481
3621,3973
3622,22554204
3623,923950
3624,147602
3625,136638
3626,132778
3627,77773
3628,7646805
3629,7679
3630,18337259
3631,6087756
3632,26999
3633,22465597
3634,141019
3635,7528717
3636,80616
3637,178813
3638,234489
3639,395182
3640,23846013
3641,18775365
3642,298137
3643,25776122
3644,7121598
3645,8533018
3646,199785
3647,10706934
3648,110387
3649,103902
3650,824734
3651,10767466
3652,53061
3653,301022
3654,5872
3655,133729
3656,6390031
3657,167010
3658,464260
3659,22358
3660,2051840
3661,10756240
3662,23014670
3663,6726595
3664,59825
3665,228765
3666,18079683
3667,7140754
3668,61539
3669,28220985
3670,43327
3671,30672
3672,8341567
3673,763047
3674,112292
3675,61886
3676,114187
3677,6472451
3678,199687
3679,134360
3680,12194
3681,79257
3682,542752
3683,13638125
3684,45432
3685,199782
3686,13628812
3687,20803962
3688,6765740
3689,13193855
3690,430968
3691,17558817
3692,29430007
3693,38502
3694,13505130
3695,16171272
3696,24963
3697,30065
3698,321645
3699,18053782
3700,9975779
3701,7187395
3702,6619499
3703,411527
3704,9943270
3705,18263725
3706,1464757
3707,9792287
3708,23093359
3709,17797381
3710,16150831
3711,12637490
3712,280277
3713,328802
3714,22055283
3715,28695
3716,7134201
3717,23587984
3718,147801
3719,121648
3720,9265453
3721,3581
3722,246225
3723,13581990
3724,238125
3725,16090981
3726,11737313
3727,25430584
3728,8044557
3729,2879
3730,115130
3731,781787
3732,13530973
3733,16122163
3734,13259270
3735,13262061
3736,7993
3737,7775611
3738,169331
3739,10677277
3740,17930773
3741,1928873
3742,21719
3743,11266880
3744,50275
3745,53969
3746,318404
3747,21412400
3748,28698
3749,17204860
3750,18656055
3751,6933876
3752,13330370
3753,93269
3754,136636
3755,9637479
3756,77395
3757,10574
3758,351064
3759,260791
3760,674220
3761,7558747
3762,60229
3763,13241659
3764,455764
3765,28251002
3766,9436632
3767,47619
3768,82434
3769,13345975
3770,13521399
3771,2017056
3772,22326
3773,6584134
3774,12888599
3775,538845
3776,16068780
3777,312043
3778,770038
3779,22540125
3780,13331184
3781,38855
3782,12924261
3783,7202825
3784,4497978
3785,21323
3786,23492613
3787,23966
3788,28686830
3789,12408149
3790,12107920
3791,17704902
3792,780581
3793,10836813
3794,5198
3795,10706120
3796,27083865
3797,2954411
3798,13412515
3799,128754
3800,23317538
3801,13642963
3802,5551522
3803,56634
3804,15832316
3805,20958632
3806,73095
3807,51113
3808,25883848
3809,23746004
3810,17673307
3811,9918083
3812,824763
3813,12922320
3814,19687
3815,17707605
3816,101249
3817,10345937
3818,13517455
3819,25065629
3820,13533740
3821,16360
3822,12013
3823,257990
3824,17333431
3825,3342764
3826,459064
3827,7202841
3828,112518
3829,1756703
3830,10889279
3831,9682816
3832,40289
3833,25573977
3834,13083008
3835,12908877
3836,11256979
3837,35332
3838,13521299
3839,18754961
3840,6539596
3841,8428195
3842,6194
3843,769212
3844,21856367
3845,316558
3846,4630
3847,18363068
3848,116257
3849,15803141
3850,13125234
3851,13547241
3852,18172471
3853,89190
3854,16158508
3855,19286623
3856,862350
3857,7124475
3858,27821486
3859,7129598
3860,6871646
3861,125553
3862,142900
3863,22522202
3864,25814512
3865,7682
3866,297134
3867,9581001
3868,120231
3869,18331807
3870,98807
3871,39045
3872,102958
3873,22733729
3874,266607
3875,43924
3876,6934395
3877,522525
3878,13765729
3879,16096514
3880,8429687
3881,21722
3882,18295858
3883,1499340
3884,61329
3885,1881621
3886,43926
3887,76688
3888,5130
3889,1662160
3890,123933
3891,324748
3892,1433337
3893,10762697
3894,12043770
3895,28635
3896,21569527
3897,4373
3898,43255
3899,571555
3900,178599
3901,263171
3902,529626
3903,58890
3904,7785194
3905,24766
3906,15745371
3907,587666
3908,11915
3909,3112850
3910,21064599
3911,17557913
3912,18528190
3913,17201104
3914,7128341
3915,1409344
3916,22457201
3917,172691
3918,7053
3919,9293020
3920,262731
3921,11262424
3922,8437913
3923,6340471
3924,16280678
3925,2102600
3926,23308084
3927,23164927
3928,24586590
3929,16043804
3930,8477057
3931,6357022
3932,28815371
3933,406373
3934,16172634
3935,106131
3936,12667194
3937,8130839
3938,13547289
3939,89551
3940,16363
3941,73064
3942,30852
3943,18115061
3944,23492661
3945,15802944
3946,11431896
3947,437885
3948,40158
3949,16842
3950,13529055
3951,312050
3952,30831912
3953,107774
3954,10757771
3955,16102880
3956,59813
3957,207034
3958,20800147
3959,15944406
3960,11277218
3961,12881141
3962,23129410
3963,299384
3964,110385
3965,18304322
3966,23533039
3967,8038219
3968,11563
3969,15762657
3970,104734
3971,31244
3972,531262
3973,95608
3974,50618
3975,171020
3976,304
3977,27161845
3978,25733990
3979,15795628
3980,47720
3981,202292
3982,550720
3983,21853645
3984,31331
3985,11553
3986,16235
3987,3181564
3988,102525
3989,221059
3990,32437
3991,2714607
3992,20697471
3993,18079527
3994,13586743
3995,15801668
3996,21340
3997,6820
3998,16200
3999,23019294
4000,22889767
4001,18210706
4002,16248114
4003,7011403
4004,3359940
4005,6371117
4006,53834
4007,80630
4008,7743783
4009,7905977
4010,9914
4011,22054340
4012,7202829
4013,7469664
4014,20587777
4015,17262540
4016,26085
4017,10866624
4018,112520
4019,28859
4020,13477819
4021,11765920
4022,10450750
4023,18819296
4024,3697927
4025,8239301
4026,334818
4027,762563
4028,21329
4029,900892
4030,7129588
4031,16152943
4032,3870943
4033,16047244
4034,9712492
4035,9305362
4036,40159
4037,953260
4038,5548
4039,7146335
4040,77735
4041,8635145
4042,192892
4043,92250
4044,1617875
4045,330721
4046,8725
4047,129621
4048,823411
4049,30005
4050,17860217
4051,204041
4052,9509289
4053,785454
4054,1963638
4055,20893314
4056,6373717
4057,107772
4058,13525938
4059,13555073
4060,18594633
4061,702539
4062,17302495
4063,98685
4064,107821
4065,13580951
4066,6571723
4067,107664
4068,20575425
4069,91203
4070,5160
4071,2118114
4072,423156
4073,18774981
4074,73080
4075,17934416
4076,48318
4077,15843166
4078,6104943
4079,32429
4080,7937744
4081,7785207
4082,330947
4083,20299683
4084,21420473
4085,18774020
4086,116295
4087,25131600
4088,16349
4089,15808287
4090,545425
4091,12547098
4092,21849362
4093,920143
4094,18077875
4095,16188
4096,6670
4097,15717721
4098,16079228
4099,16053316
4100,30658
4101,17491
4102,17286162
4103,16204
4104,25279165
4105,229145
4106,23217
4107,12072362
4108,12706435
4109,16045140
4110,16096873
4111,12119529
4112,79649
4113,7717482
4114,93723
4115,402015
4116,348
4117,316445
4118,14280
4119,886066
4120,17825503
4121,3103
4122,52350
4123,6426
4124,215541
4125,317504
4126,11410430
4127,20706316
4128,233637
4129,13390528
4130,8935153
4131,170632
4132,487445
4133,10865206
4134,9647532
4135,5809
4136,989313
4137,472025
4138,608216
4139,25066591
4140,326272
4141,18209468
4142,110396
4143,534289
4144,153492
4145,10252302
4146,17674991
4147,7619398
4148,8951
4149,16081754
4150,13281637
4151,3276012
4152,77699
4153,787660
4154,18825
4155,754713
4156,761575
4157,244572
4158,229432
4159,2615008
4160,6660747
4161,1096390
4162,22911
4163,831829
4164,197459
4165,11045709
4166,300226
4167,7715664
4168,10238
4169,16114861
4170,26158341
4171,18077752
4172,12958487
4173,6609714
4174,16316
4175,16424
4176,23346719
4177,15743078
4178,885744
4179,33426
4180,17925397
4181,3763
4182,11873368
4183,584637
4184,11861815
4185,25142924
4186,23157777
4187,127515
4188,8686068
4189,106129
4190,13603717
4191,93797
4192,5111039
4193,24728470
4194,669570
4195,26025989
4196,8447255
4197,7124095
4198,23929479
4199,24709327
4200,7719355
4201,567704
4202,25776210
4203,34312
4204,1422926
4205,12663
4206,141828
4207,10637748
4208,85491
4209,17729712
4210,13170596
4211,10428803
4212,4652
4213,6605625
4214,142540
4215,18869967
4216,219535
4217,28507
4218,17560674
4219,8564644
4220,29610595
4221,648194
4222,11343348
4223,109901
4224,21060
4225,5936
4226,2872
4227,91582
4228,18105011
4229,106648
4230,17608111
4231,15984268
4232,6735082
4233,73084
4234,639787
4235,12331767
4236,110890
4237,38505
4238,10618
4239,84052
4240,238141
4241,9724798
4242,8574333
4243,243298
4244,105973
4245,667234
4246,11201007
4247,61903
4248,16055475
4249,34760
4250,6931246
4251,18764826
4252,13337715
4253,10517947
4254,17989312
4255,17488
4256,675905
4257,282425
4258,28923
4259,17833099
4260,6407014
4261,10836810
4262,58894
4263,61926
4264,23714532
4265,839263
4266,58893
4267,175242
4268,93801
4269,217376
4270,10869746
4271,26131641
4272,34310
4273,7100490
4274,37398
4275,427920
4276,18656036
4277,125423
4278,393146
4279,155421
4280,7640261
4281,37451
4282,12021
4283,48758
4284,21328
4285,20761374
4286,2924318
4287,23647129
4288,16299256
4289,18775297
4290,44133
4291,3437328
4292,19536001
4293,16070143
4294,20443235
4295,17377032
4296,77449
4297,23743603
4298,10401084
4299,9462775
4300,92254
4301,30008702
4302,13619
4303,93371
4304,40722
4305,47620
4306,7963189
4307,25489012
4308,15942636
4309,112200
4310,6718608
4311,9394010
4312,23602473
4313,2795053
4314,13605723
4315,16045855
4316,15777621
4317,23017947
4318,13406425
4319,12712435
4320,5082599
4321,81524
4322,17331518
4323,25251757
4324,119829
4325,384597
4326,16130986
4327,918789
4328,2272880
4329,13097901
4330,13183957
4331,29340182
4332,47959
4333,21518647
4334,8419428
4335,123170
4336,767307
4337,13337716
4338,316845
4339,82780
4340,21412673
4341,4279056
4342,15797722
4343,102324
4344,7701275
4345,16372
4346,11988046
4347,39795
4348,23209924
4349,368772
4350,21943246
4351,851393
4352,13560262
4353,237665
4354,28862528
4355,7776678
4356,72978
4357,3099780
4358,125564
4359,17722973
4360,23485372
4361,15746
4362,14165516
4363,2897258
4364,7628
4365,28484
4366,74821
4367,1129315
4368,6907672
4369,66857
4370,22454958
4371,37297
4372,11512688
4373,7519640
4374,8563789
4375,107007
4376,83083
4377,10551947
4378,520738
4379,79428
4380,15849910
4381,111023
4382,295649
4383,27220736
4384,11981168
4385,109367
4386,72929
4387,59715
4388,17563080
4389,17334079
4390,92871
4391,17333302
4392,359581
4393,49322
4394,102956
4395,8727466
4396,410445
4397,95395
4398,18693743
4399,6551
4400,12792658
4401,95747
4402,272264
4403,20312459
4404,780845
4405,12982393
4406,10549501
4407,2176873
4408,65091
4409,29034
4410,5599692
4411,8483233
4412,394469
4413,17333277
4414,11324722
4415,17206
4416,7405450
4417,13490570
4418,3223761
4419,138070
4420,6534132
4421,133906
4422,12507214
4423,61905
4424,537375
4425,2617684
4426,18285151
4427,26200563
4428,10594929
4429,14469
4430,3885
4431,17688
4432,31335
4433,7849034
4434,7828882
4435,10433900
4436,568099
4437,15733851
4438,9680114
4439,7352053
4440,116563
4441,16326
4442,7332753
4443,10507
4444,287633
4445,5369
4446,8598554
4447,82356
4448,105760
4449,25613617
4450,31314
4451,18667817
4452,26154406
4453,18211536
4454,7968
4455,682751
4456,12755792
4457,139569
4458,18296030
4459,23719378
4460,18209290
4461,899608
4462,12016
4463,8354134
4464,17317675
4465,87632
4466,18007532
4467,20897517
4468,905885
4469,2754510
4470,9674335
4471,3347892
4472,10596724
4473,394772
4474,235773
4475,9650
4476,20575446
4477,4352708
4478,186103
4479,393145
4480,6600807
4481,27070127
4482,13501
4483,15742039
4484,105574
4485,41490
4486,1316617
4487,18127101
4488,6386555
4489,285500
4490,25372801
4491,13516846
4492,13929
4493,761023
4494,13502963
4495,5053
4496,230003
4497,89160
4498,15833693
4499,107778
4500,17834904
4501,17860739
4502,22207
4503,14745338
4504,716696
4505,12383869
4506,7389
4507,89691
4508,1027760
4509,47618
4510,33418
4511,74169
4512,8177526
4513,905382
4514,15733523
4515,250
4516,920649
4517,2761356
4518,25813937
4519,1291211
4520,71784
4521,1747182
4522,23209971
4523,164719
4524,6460331
4525,15828714
4526,12143200
4527,18222699
4528,206236
4529,25817162
4530,17285883
4531,6329547
4532,89731
4533,15698479
4534,24488476
4535,6471550
4536,11256293
4537,1875
4538,27525
4539,10677213
4540,295132
4541,13531832
4542,27002
4543,11801463
4544,18730158
4545,32456
4546,16007855
4547,17332207
4548,3097601
4549,1563413
4550,25114548
4551,28483
4552,102459
4553,9917879
4554,9644151
4555,22669832
4556,13526026
4557,140524
4558,1051620
4559,1337448
4560,1303564
4561,375901
4562,7059135
4563,17346698
4564,218659
4565,1746470
4566,45234
4567,8242117
4568,14082
4569,28257707
4570,2579284
4571,698
4572,1009996
4573,105986
4574,13708346
4575,8649656
4576,448836
4577,17228280
4578,6966823
4579,11488123
4580,522534
4581,666758
4582,136640
4583,15752115
4584,28759
4585,30292
4586,26224667
4587,29519517
4588,2493973
4589,24504274
4590,9439989
4591,10169662
4592,31268
4593,262228
4594,2820533
4595,18282915
4596,25403
4597,18869970
4598,70509
4599,46349
4600,213975
4601,60211
4602,13069935
4603,20499240
4604,261689
4605,299215
4606,18800655
4607,18076876
4608,12468
4609,15755201
4610,227658
4611,24937499
4612,129616
4613,46012
4614,86172
4615,42631
4616,7636774
4617,18166936
4618,17349163
4619,12171769
4620,264778
4621,1722717
4622,18687079
4623,18228202
4624,16071736
4625,13168
4626,13640229
4627,27213121
4628,10586539
4629,17994
4630,67513
4631,9858714
4632,815150
4633,13331199
4634,18461986
4635,79006
4636,7657484
4637,11106458
4638,60223
4639,9279734
4640,4499214
4641,127451
4642,20801166
4643,17349222
4644,22151696
4645,114203
4646,64895
4647,8167094
4648,38723
4649,48862
4650,6452760
4651,9799572
4652,14295
4653,13523061
4654,1085771
4655,175319
4656,12663646
4657,102955
4658,6356190
4659,773480
4660,825377
4661,381489
4662,2678349
4663,337116
4664,11233988
4665,61672
4666,25671861
4667,11469379
4668,1126719
4669,102327
4670,15793165
4671,268598
4672,17524166
4673,462684
4674,32453
4675,25733983
4676,18138755
4677,8948
4678,12753231
4679,335459
4680,17831617
4681,12743472
4682,1398034
4683,6076387
4684,8593026
4685,929782
4686,13227319
4687,20348781
4688,6606855
4689,15096257
4690,11666
4691,519933
4692,25802884
4693,15769463
4694,99955
4695,18054175
4696,12988089
4697,103035
4698,347143
4699,30314465
4700,17329041
4701,22428828
4702,35125
4703,13111733
4704,17333171
4705,961833
4706,8752885
4707,402128
4708,25106926
4709,2501453
4710,295834
4711,228992
4712,203288
4713,23168817
4714,11806716
4715,9489502
4716,32443
4717,47957
4718,18134894
4719,84844
4720,153007
4721,89185
4722,6791212
4723,438024
4724,13070346
4725,18221931
4726,18339630
4727,18339743
4728,513367
4729,164323
4730,24934065
4731,21618
4732,762064
4733,123632
4734,625554
4735,7955881
4736,27276262
4737,6264710
4738,12677913
4739,372385
4740,73100
4741,13605727
4742,17452179
4743,17977710
4744,18090061
4745,133241
4746,7198269
4747,3334563
4748,537094
4749,102030
4750,6398972
4751,93157
4752,23281640
4753,17232261
4754,280366
4755,28568
4756,12926804
4757,324737
4758,12291438
4759,16131072
4760,23355069
4761,8696
4762,1653655
4763,15786110
4764,15832932
4765,9528186
4766,10429037
4767,18667976
4768,47878
4769,27406436
4770,22055280
4771,51985
4772,15451058
4773,6609864
4774,17830559
4775,11227043
4776,342994
4777,24611454
4778,13425393
4779,16342
4780,15786792
4781,77995
4782,84786
4783,31333
4784,25527908
4785,809849
4786,13618
4787,15738951
4788,10947600
4789,23398806
4790,15513156
4791,7830126
4792,16174197
4793,18405221
4794,404223
4795,13057939
4796,9858488
4797,123845
4798,70241
4799,17607848
4800,18114057
4801,15560
4802,95420
4803,40320
4804,14889780
4805,13109291
4806,539904
4807,498835
4808,7778609
4809,100247
4810,12383252
4811,24816
4812,17190226
4813,795034
4814,6818019
4815,18453074
4816,121581
4817,15722284
4818,140091
4819,672948
4820,154795
4821,144800
4822,27904311
4823,15771862
4824,1307
4825,13547504
4826,958277
4827,23887
4828,13330771
4829,12444297
4830,3301759
4831,104086
4832,2020935
4833,1474628
4834,269746
4835,12614410
4836,116114
4837,389763
4838,11995136
4839,19452
4840,163363
4841,2249196
4842,17345242
4843,110386
4844,454236
4845,17336849
4846,20912424
4847,125662
4848,53064
4849,21874813
4850,25293695
4851,65399
4852,10897866
4853,1048645
4854,12288282
4855,22381326
4856,10813469
4857,15729261
4858,886512
4859,8269450
4860,261604
4861,91201
4862,142395
4863,7685763
4864,15852479
4865,894072
4866,5093760
4867,179142
4868,7863274
4869,138069
4870,7827221
4871,563887
4872,28482
4873,382680
4874,62012
4875,163465
4876,32807
4877,13514612
4878,16218778
4879,5368
4880,28390369
4881,1819632
4882,18667779
4883,20821159
4884,6464937
4885,13614836
4886,17158513
4887,10970532
4888,267243
4889,23766634
4890,13117308
4891,22417
4892,17831619
4893,11381910
4894,185012
4895,22609080
4896,6589074
4897,13415554
4898,24965
4899,45260
4900,15815364
4901,15852
4902,10866233
4903,19534
4904,9484114
4905,13167796
4906,1157452
4907,11031
4908,4662
4909,397466
4910,77787
4911,25507925
4912,22471294
4913,17798233
4914,76527
4915,765148
4916,98048
4917,270435
4918,284698
4919,11595276
4920,2173611
4921,23602561
4922,25937671
4923,17533
4924,18718848
4925,25228579
4926,17257993
4927,15813668
4928,12813860
4929,17571466
4930,820480
4931,18316089
4932,110393
4933,31538614
4934,9454
4935,17257990
4936,9995135
4937,30226723
4938,6345193
4939,5557442
4940,13042154
4941,25817493
4942,9864913
4943,54492
4944,8349348
4945,18089551
4946,308540
4947,136641
4948,28016509
4949,16076787
4950,16071767
4951,175324
4952,15737147
4953,11107244
4954,22367526
4955,370057
4956,1244286
4957,364826
4958,28374062
4959,11808919
4960,95619
4961,97875
4962,2108198
4963,17726978
4964,24100
4965,396266
4966,29923
4967,120461
4968,17768
4969,2208744
4970,730501
4971,153782
4972,6606456
4973,361081
4974,17835766
4975,23197269
4976,238137
4977,688663
4978,332348
4979,194479
4980,31538647
4981,19314
4982,23602504
4983,13282015
4984,12031532
4985,16066586
4986,18775203
4987,94813
4988,18602341
4989,313263
4990,20613761
4991,16387
4992,29393
4993,56353
4994,22009741
4995,80834
4996,18775284
4997,255458
4998,25855506
4999,301538
5000,7841677
5001,9917998
5002,13574417
5003,18806240
5004,13069213
5005,5587960
5006,27883214
5007,2179832
5008,12752313
5009,8706185
5010,238127
5011,56616
5012,490403
5013,29744
5014,16248139
5015,23363928
5016,95707
5017,68483
5018,20706269
5019,11623
5020,5986375
5021,8835897
5022,11919
5023,2964700
5024,179264
5025,6098691
5026,7011225
5027,7562764
5028,9925913
5029,12075
5030,215492
5031,107021
5032,5600151
5033,17334495
5034,15801381
5035,77736
5036,7823038
5037,16300
5038,13419891
5039,121410
5040,13148921
5041,95658
5042,11734251
5043,682153
5044,20983362
5045,102857
5046,18666006
5047,7011879
5048,192510
5049,16000044
5050,18170134
5051,12661
5052,37100
5053,298663
5054,2528
5055,7514925
5056,11430
5057,11983940
5058,12551077
5059,26114516
5060,21330
5061,16696
5062,7010683
5063,452244
5064,13642710
5065,18080923
5066,21412360
5067,11532160
5068,18079661
5069,10813480
5070,148584
5071,17948485
5072,59836
5073,11699349
5074,8951449
5075,11324166
5076,20559676
5077,10893138
5078,821000
5079,3665811
5080,16045078
5081,14759321
5082,1249630
5083,23252517
5084,29975458
5085,17191012
5086,297186
5087,10960383
5088,89884
5089,5199185
5090,2122216
5091,24408
5092,621739
5093,313256
5094,15791403
5095,38030
5096,159418
5097,144789
5098,9064899
5099,73184
5100,1170158
5101,17325147
5102,7268995
5103,18651980
5104,59091
5105,1747896
5106,425377
5107,2371
5108,3216451
5109,19501672
5110,15743075
5111,13580928
5112,867387
5113,12029468
5114,1457790
5115,22551809
5116,23884
5117,18599754
5118,21489683
5119,17800786
5120,6692041
5121,207694
5122,22892122
5123,16479439
5124,89184
5125,30919
5126,85622
5127,26252659
5128,23207027
5129,6422680
5130,12846479
5131,9443405
5132,27297
5133,5148720
5134,20613920
5135,625094
5136,22469
5137,285212
5138,37303
5139,231989
5140,70287
5141,7701043
5142,7825557
5143,50695
5144,1300350
5145,491735
5146,6867952
5147,7519866
5148,22296542
5149,22021611
5150,10778410
5151,13616
5152,77661
5153,20883847
5154,6488483
5155,102439
5156,23122175
5157,17163514
5158,104159
5159,4107256
5160,24903031
5161,13507011
5162,13811
5163,12722
5164,12482658
5165,20426917
5166,18739485
5167,124272
5168,122649
5169,759960
5170,825509
5171,17182421
5172,356824
5173,18668059
5174,197457
5175,18870159
5176,18422
5177,556629
5178,858514
5179,22571699
5180,141077
5181,6801652
5182,9549
5183,14744381
5184,33449
5185,23245587
5186,452235
5187,23419
5188,17167042
5189,17412188
5190,111126
5191,16256798
5192,20980373
5193,511527
5194,290039
5195,7006562
5196,28735
5197,33732
5198,635083
5199,17167572
5200,24093
5201,26722820
5202,8573642
5203,17910048
5204,21437200
5205,15808816
5206,355
5207,12081467
5208,166580
5209,11686
5210,31555
5211,129523
5212,25065522
5213,56919
5214,24041443
5215,23341894
5216,25017
5217,8689913
5218,2049993
5219,8643220
5220,64666
5221,23731881
5222,17401198
5223,6145711
5224,20797535
5225,77368
5226,13634927
5227,21843117
5228,13562054
5229,19090384
5230,2977487
5231,522471
5232,16061734
5233,5031805
5234,16150119
5235,315578
5236,2358737
5237,825576
5238,2183
5239,17455541
5240,1242729
5241,16301111
5242,12027429
5243,11889938
5244,13925
5245,84552
5246,17407233
5247,88514
5248,15801967
5249,1173576
5250,836984
5251,12067972
5252,25200
5253,238140
5254,173572
5255,6553733
5256,29072594
5257,23492673
5258,153792
5259,114128
5260,25953369
5261,13497991
5262,17661831
5263,20878809
5264,90078
5265,16307
5266,9266793
5267,238142
5268,133954
5269,17201110
5270,21956060
5271,12107925
5272,21457243
5273,22674493
5274,8664368
5275,238139
5276,1219954
5277,24271
5278,170641
5279,20821299
5280,15728921
5281,13152998
5282,28204534
5283,828015
5284,18635039
5285,41698
5286,974122
5287,20174424
5288,160830
5289,13593526
5290,752994
5291,44660
5292,9542259
5293,18892134
5294,2948832
5295,26721568
5296,28686840
5297,13593553
5298,126061
5299,20253
5300,2992069
5301,46913
5302,12254379
5303,140345
5304,13065142
5305,22402972
5306,12926432
5307,116445
5308,113576
5309,27213163
5310,39032
5311,28703
5312,267972
5313,21324
5314,41962
5315,184324
5316,10822174
5317,138399
5318,59780
5319,190999
5320,7476122
5321,175113
5322,153781
5323,16233105
5324,162086
5325,18340482
5326,8008928
5327,94510
5328,1116393
5329,10757806
5330,25337081
5331,23341862
5332,13003565
5333,23753
5334,13184992
5335,763429
5336,16299991
5337,9998
5338,77298
5339,25005214
5340,22418
5341,18163646
5342,9862761
5343,9429531
5344,12107927
5345,10365343
5346,5981872
5347,127712
5348,6193
5349,16948
5350,18892
5351,820956
5352,25828204
5353,27864391
5354,17675031
5355,5481
5356,40483
5357,45106
5358,29104680
5359,17835351
5360,7707
5361,22028
5362,12157365
5363,265264
5364,37187
5365,28734
5366,527744
5367,160848
5368,13614
5369,103111
5370,12617
5371,40471
5372,16175040
5373,23503361
5374,11830394
5375,119838
5376,176326
5377,1206073
5378,615921
5379,16117182
5380,17899392
5381,12878300
5382,20890479
5383,15559
5384,116053
5385,4808763
5386,52783
5387,9349915
5388,17934521
5389,671724
5390,22693231
5391,13105527
5392,204045
5393,16056862
5394,29991719
5395,6239873
5396,9815702
5397,4653511
5398,132391
5399,207687
5400,330760
5401,419103
5402,16341
5403,236056
5404,17233800
5405,7993566
5406,77786
5407,6449422
5408,20439328
5409,17934385
5410,4071018
5411,419083
5412,12968662
5413,3064985
5414,45974
5415,12791521
5416,20980959
5417,112879
5418,168814
5419,158988
5420,171624
5421,7862725
5422,27208
5423,13522957
5424,87424
5425,9998705
5426,23453099
5427,18594594
5428,165053
5429,1918702
5430,45181
5431,18387597
5432,23299512
5433,8456124
5434,5628753
5435,17838528
5436,43799
5437,6654104
5438,13239822
5439,12449167
5440,29008738
5441,92845
5442,16076
5443,721003
5444,825473
5445,29430788
5446,76179
5447,440960
5448,9962040
5449,577283
5450,1347837
5451,9712341
5452,25056528
5453,18108795
5454,23287179
5455,13252406
5456,504369
5457,13235689
5458,10006
5459,40526
5460,539282
5461,78629
5462,25663717
5463,5771014
5464,18693753
5465,23745189
5466,7908638
5467,13617
5468,10532477
5469,155712
5470,22886113
5471,18090147
5472,7116709
5473,17332564
5474,8720917
5475,15823426
5476,18090150
5477,7683254
5478,41958
5479,12546674
5480,824318
5481,21473305
5482,12988016
5483,17910544
5484,6944566
5485,6303733
5486,6634409
5487,10108463
5488,18111281
5489,252938
5490,1990
5491,6251012
5492,5845
5493,25852784
5494,13565676
5495,17835773
5496,21416690
5497,112322
5498,3700085
5499,8343444
5500,623976
5501,13163846
5502,244102
5503,12926132
5504,22725443
5505,21414439
5506,13513205
5507,225343
5508,13528417
5509,92375
5510,28485
5511,9915707
5512,23545800
5513,68524
5514,21518679
5515,18246727
5516,8074967
5517,110763
5518,17570105
5519,8712343
5520,18467818
5521,2176735
5522,104737
5523,17262236
5524,511240
5525,35476
5526,6326920
5527,252999
5528,107017
5529,13112023
5530,2637138
5531,18191814
5532,13623777
5533,160194
5534,372384
5535,3872
5536,23398961
5537,14060046
5538,10790276
5539,6345760
5540,23289
5541,5607622
5542,16150996
5543,7831742
5544,4946005
5545,73906
5546,18323154
5547,26661
5548,5946
5549,22131009
5550,5559
5551,44559
5552,12900491
5553,11237412
5554,25773504
5555,10799881
5556,133767
5557,16158527
5558,13593555
5559,251665
5560,682793
5561,208036
5562,15793231
5563,128940
5564,6763961
5565,4212386
5566,11133791
5567,17569860
5568,24611425
5569,18752959
5570,17443673
5571,676
5572,12924253
5573,17970255
5574,61909
5575,6493321
5576,7992363
5577,22693222
5578,17455815
5579,16127237
5580,11864728
5581,80890
5582,231560
5583,10844125
5584,6080889
5585,11229
5586,13417946
5587,13502970
5588,769658
5589,129565
5590,7521400
5591,11665750
5592,401876
5593,18045473
5594,22749539
5595,6080420
5596,592089
5597,8158992
5598,8105569
5599,36064
5600,20082
5601,2530
5602,23507745
5603,599090
5604,6021523
5605,71458
5606,43797
5607,9266769
5608,142545
5609,210243
5610,7783191
5611,608906
5612,13531024
5613,4924862
5614,23197346
5615,29103028
5616,11436
5617,8492907
5618,13597723
5619,87425
5620,39798
5621,2073686
5622,844051
5623,1015311
5624,15954540
5625,891812
5626,22886868
5627,115476
5628,13333093
5629,4345290
5630,15767586
5631,82991
5632,11387392
5633,7906105
5634,1211904
5635,8046680
5636,15806231
5637,22929741
5638,25664459
5639,10421530
5640,920780
5641,17667561
5642,432
5643,773514
5644,20705702
5645,301023
5646,1898916
5647,16248196
5648,13601550
5649,901680
5650,9677870
5651,828483
5652,43929
5653,724371
5654,25451852
5655,13007638
5656,21394850
5657,10659536
5658,489972
5659,18655937
5660,13363270
5661,61665
5662,194618
5663,25663888
5664,11757975
5665,29022
5666,18039755
5667,192214
5668,24767
5669,15811520
5670,17158532
5671,18129852
5672,287861
5673,10399742
5674,6659254
5675,204479
5676,776159
5677,232958
5678,22571612
5679,10084
5680,295169
5681,93436
5682,9476510
5683,17936925
5684,15818333
5685,9526658
5686,60932
5687,16164271
5688,56674
5689,653711
5690,13546173
5691,11099729
5692,26072609
5693,23208397
5694,792938
5695,1862313
5696,15723286
5697,22551743
5698,11432
5699,16256
5700,110871
5701,10209997
5702,17557143
5703,28965131
5704,129798
5705,77427
5706,665
5707,3479967
5708,15050
5709,10929432
5710,251446
5711,25332115
5712,194870
5713,42641
5714,8643407
5715,6878614
5716,11737387
5717,16077150
5718,12022496
5719,21530229
5720,25222064
5721,751635
5722,16065538
5723,28922
5724,18052985
5725,11714997
5726,26116430
5727,17978144
5728,15728721
5729,296264
5730,185289
5731,7099389
5732,166101
5733,109499
5734,769712
5735,15732712
5736,78960
5737,16248223
5738,13096848
5739,23844390
5740,266765
5741,254799
5742,10429025
5743,15985392
5744,816752
5745,6303704
5746,11985631
5747,11851522
5748,22431039
5749,17707654
5750,143513
5751,21411887
5752,40313
5753,3173125
5754,284195
5755,99218
5756,99452
5757,18693621
5758,20768868
5759,25772000
5760,2235597
5761,122212
5762,8369681
5763,22175
5764,760110
5765,456057
5766,16299341
5767,7999
5768,14028
5769,122574
5770,66470
5771,893731
5772,17877
5773,20820995
5774,9893355
5775,481462
5776,239917
5777,3276072
5778,12598982
5779,1667423
5780,50453
5781,21531503
5782,8575295
5783,13547234
5784,17406847
5785,31493
5786,13051316
5787,436806
5788,95144
5789,11446
5790,46201
5791,8843801
5792,105189
5793,18079757
5794,131830
5795,24961531
5796,209966
5797,17926775
5798,13167847
5799,100322
5800,17166702
5801,23492288
5802,7507908
5803,96642
5804,2049
5805,15985372
5806,12390650
5807,95602
5808,198863
5809,121715
5810,114141
5811,241934
5812,23355896
5813,296298
5814,239509
5815,1251032
5816,41918
5817,16333
5818,24465724
5819,119247
5820,269795
5821,6855294
5822,170529
5823,23885
5824,158141
5825,22420
5826,15762186
5827,300905
5828,420739
5829,6193923
5830,22635858
5831,925367
5832,15810910
5833,23714544
5834,836606
5835,51364
5836,13658
5837,6497645
5838,22535533
5839,80631
5840,119239
5841,18089975
5842,3925836
5843,47780
5844,762462
5845,7897620
5846,2677
5847,60551
5848,10357792
5849,1210754
5850,17570538
5851,12065943
5852,10306358
5853,765427
5854,8142508
5855,15752757
5856,17225311
5857,105744
5858,289695
5859,126583
5860,833550
5861,17255186
5862,17287009
5863,10508526
5864,22609522
5865,9415951
5866,13153693
5867,227570
5868,18404248
5869,1331653
5870,392563
5871,10801027
5872,9403947
5873,18213403
5874,32529
5875,46292
5876,72148
5877,11784281
5878,125542
5879,18071296
5880,125540
5881,6055063
5882,17331828
5883,12878667
5884,116356
5885,7818881
5886,149621
5887,21795430
5888,1931915
5889,21873331
5890,9865
5891,8584913
5892,45760
5893,39664
5894,8570787
5895,121792
5896,162823
5897,18143968
5898,2147714
5899,1268348
5900,981161
5901,6678884
5902,2983562
5903,891593
5904,300044
5905,15818164
5906,18110808
5907,13030356
5908,4339
5909,292740
5910,6922622
5911,402017
5912,6457229
5913,24903919
5914,6344423
5915,46182
5916,13580846
5917,9182478
5918,7831145
5919,12063467
5920,2437710
5921,10090
5922,10161216
5923,24929
5924,239239
5925,1503274
5926,72003
5927,20706320
5928,21483760
5929,10378106
5930,4099
5931,1421046
5932,15762975
5933,24724
5934,3710603
5935,16114862
5936,18310201
5937,975119
5938,12710035
5939,2002
5940,13226173
5941,1376220
5942,16061295
5943,25790
5944,7234828
5945,6987558
5946,320700
5947,23719479
5948,12458287
5949,65070
5950,24189224
5951,896623
5952,13809
5953,2350129
5954,13316328
5955,355190
5956,807968
5957,144773
5958,4261
5959,581125
5960,74270
5961,17181905
5962,4566934
5963,17348985
5964,13620
5965,7736086
5966,13230263
5967,21913812
5968,10439703
5969,18781540
5970,13649056
5971,16279715
5972,9553503
5973,10870589
5974,17504320
5975,22857396
5976,13170021
5977,831470
5978,132314
5979,31300
5980,17707603
5981,43841
5982,13573419
5983,15768536
5984,900070
5985,106859
5986,22995
5987,9065265
5988,23960
5989,17449197
5990,18161265
5991,129618
5992,7614747
5993,13568619
5994,121809
5995,477338
5996,5417
5997,9329354
5998,17333237
5999,50750
6000,17192373
6001,615233
6002,8803932
6003,14781219
6004,110692
6005,44543
6006,60220
6007,11235783
6008,1087205
6009,11104030
6010,20886354
6011,22895264
6012,6953500
6013,22600903
6014,33729
6015,17801
6016,15059301
6017,5556595
6018,302998
6019,11544466
6020,64949
6021,22608582
6022,6916963
6023,4016515
6024,14367051
6025,54120
6026,5996209
6027,543505
6028,13543138
6029,11318
6030,127249
6031,2854962
6032,17727276
6033,137894
6034,11076123
6035,13132816
6036,22040598
6037,22504701
6038,160988
6039,21327
6040,98687
6041,15836
6042,13115995
6043,9722217
6044,25866725
6045,7894870
6046,19156898
6047,988170
6048,298816
6049,400
6050,1593623
6051,16148938
6052,8172
6053,45369
6054,16029994
6055,8542839
6056,836611
6057,762134
6058,6630751
6059,15902792
6060,68530
6061,16762211
6062,11350430
6063,12710106
6064,8288246
6065,13237327
6066,24044596
6067,8526694
6068,822989
6069,8113940
6070,443540
6071,52629
6072,18080889
6073,8089
6074,17853024
6075,25666046
6076,16130723
6077,111220
6078,16280689
6079,16136599
6080,126185
6081,313267
6082,145397
6083,95708
6084,23214408
6085,18232495
6086,10541
6087,4887
6088,129327
6089,645180
6090,33144
6091,5068
6092,13270
6093,12737118
6094,20871704
6095,394841
6096,12002819
6097,60080
6098,541024
6099,20318201
6100,11996019
6101,426030
6102,4633
6103,359461
6104,604635
6105,8110748
6106,12039943
6107,28262024
6108,2358870
6109,11913681
6110,12782865
6111,28248
6112,12760903
6113,763594
6114,6049585
6115,55229
6116,595822
6117,25893582
6118,561403
6119,263149
6120,17903381
6121,8437379
6122,10790376
6123,56466
6124,17973653
6125,155370
6126,17673271
6127,9166877
6128,122756
6129,72623
6130,91017
6131,170171
6132,8449698
6133,107781
6134,12959045
6135,107783
6136,23245594
6137,10295484
6138,646195
6139,8152697
6140,13152668
6141,914211
6142,116982
6143,7828781
6144,106124
6145,11738128
6146,20575434
6147,207365
6148,200963
6149,3419808
6150,6911529
6151,764073
6152,17254035
6153,37296
6154,192888
6155,29906980
6156,7745031
6157,11940384
6158,41069
6159,433035
6160,17478
6161,643988
6162,74997
6163,59887
6164,42691
6165,20168816
6166,24961498
6167,23357188
6168,30253700
6169,227280
6170,15799151
6171,8100288
6172,16704759
6173,1468706
6174,24040551
6175,8471815
6176,13659
6177,16171259
6178,11239856
6179,25241477
6180,513176
6181,457457
6182,61974
6183,153175
6184,764063
6185,17573684
6186,1175893
6187,35539
6188,630621
6189,10008056
6190,13151283
6191,10049436
6192,112517
6193,9399336
6194,20662728
6195,68099
6196,5052
6197,429024
6198,73860
6199,46908
6200,17277800
6201,18420
6202,65113
6203,41820
6204,5024334
6205,13519844
6206,16312
6207,29236299
6208,73960
6209,53809
6210,10599302
6211,1866046
6212,388018
6213,15818278
6214,89370
6215,21433251
6216,280125
6217,10720733
6218,15776904
6219,16084702
6220,8710484
6221,20821249
6222,38562
6223,13722526
6224,114143
6225,9260507
6226,89186
6227,13056511
6228,17285330
6229,7780
6230,25347
6231,26228034
6232,23363874
6233,6280379
6234,7262166
6235,961831
6236,4530
6237,8857310
6238,17810
6239,15803037
6240,7632329
6241,19523454
6242,10859509
6243,11306337
6244,96259
6245,6159
6246,18781543
6247,8086216
6248,88072
6249,15707526
6250,581552
6251,91439
6252,16041169
6253,481743
6254,23460830
6255,21535784
6256,30839185
6257,18266
6258,23566909
6259,9532302
6260,19138879
6261,857418
6262,21857294
6263,19106
6264,381440
6265,603911
6266,24819476
6267,70487
6268,11556960
6269,32075671
6270,16170625
6271,16042305
6272,12075886
6273,4162673
6274,77738
6275,248871
6276,32848471
6277,24902492
6278,110388
6279,8411749
6280,97084
6281,17342700
6282,51362
6283,1830755
6284,25387202
6285,7707538
6286,9565574
6287,69477
6288,6251222
6289,161275
6290,76706
6291,17262206
6292,31741
6293,81992
6294,400906
6295,17339590
6296,22571275
6297,18722887
6298,182683
6299,3295695
6300,21411058
6301,5571
6302,831635
6303,22421
6304,6749
6305,606818
6306,20510241
6307,15820492
6308,6596542
6309,20454076
6310,23289469
6311,9648
6312,15793068
6313,22840421
6314,23031
6315,75162
6316,205218
6317,337615
6318,27170141
6319,17352874
6320,9440324
6321,85737
6322,1422252
6323,89195
6324,20505127
6325,6933152
6326,179174
6327,930612
6328,21480734
6329,94578
6330,7904453
6331,18453110
6332,190344
6333,20252
6334,16031679
6335,290882
6336,18594634
6337,12389310
6338,16170522
6339,434229
6340,17487
6341,8534899
6342,113091
6343,772976
6344,94669
6345,7948945
6346,17404452
6347,4505161
6348,10843036
6349,10468258
6350,302625
6351,15824358
6352,25067046
6353,128048
6354,22474626
6355,17794657
6356,18243828
6357,13031445
6358,397867
6359,104088
6360,17333174
6361,15761241
6362,701738
6363,13414599
6364,2895896
6365,94486
6366,42661
6367,17950614
6368,17934655
6369,261083
6370,27209407
6371,13489919
6372,3028
6373,12042279
6374,2025787
6375,25817528
6376,73051
6377,94798
6378,4837112
6379,3446
6380,15954546
6381,5943970
6382,20575440
6383,20821376
6384,376561
6385,21400356
6386,13508021
6387,1145862
6388,50091
6389,40496
6390,109510
6391,23014603
6392,8113344
6393,6954438
6394,19286674
6395,8428984
6396,1335019
6397,13431827
6398,17671913
6399,26599
6400,2133827
6401,13035050
6402,18271235
6403,23399022
6404,214579
6405,23569783
6406,23012475
6407,15677
6408,74462
6409,267869
6410,209631
6411,15766776
6412,201138
6413,7027569
6414,6801614
6415,21981841
6416,25614984
6417,109509
6418,10518110
6419,311196
6420,97408
6421,513207
6422,5103512
6423,30364931
6424,245700
6425,716944
6426,22749750
6427,359463
6428,17257484
6429,13151637
6430,12413949
6431,72855
6432,18079719
6433,24019187
6434,71867
6435,17235347
6436,13360101
6437,1099097
6438,20685373
6439,36638
6440,17563539
6441,784222
6442,690955
6443,5266667
6444,268955
6445,383196
6446,26771521
6447,50051
6448,714569
6449,4772110
6450,64394
6451,88442
6452,2505836
6453,61938
6454,114170
6455,1231511
6456,55019
6457,24480276
6458,10537195
6459,64794
6460,10165727
6461,536790
6462,13426114
6463,11721314
6464,511684
6465,18367581
6466,16158563
6467,97390
6468,8682579
6469,10473214
6470,503248
6471,22923997
6472,481335
6473,1365225
6474,2494204
6475,16081202
6476,12017
6477,9639197
6478,655601
6479,12977172
6480,25813921
6481,236862
6482,625603
6483,18680106
6484,449
6485,1087207
6486,7914058
6487,24612624
6488,714380
6489,420496
6490,315882
6491,25912358
6492,10196362
6493,25809756
6494,12989112
6495,762288
6496,11568316
6497,99713
6498,24769
6499,86737
6500,12522507
6501,40465
6502,16128105
6503,10940958
6504,16182601
6505,13010211
6506,18089900
6507,8034188
6508,53168
6509,16074758
6510,653559
6511,16158498
6512,18943009
6513,3559
6514,21393526
6515,263173
6516,23341855
6517,76248
6518,22062202
6519,13129925
6520,13065327
6521,31975
6522,13178410
6523,17901125
6524,1011632
6525,5295735
6526,23013953
6527,6131786
6528,12602078
6529,4984
6530,849380
6531,116494
6532,6351939
6533,162332
6534,106312
6535,12444298
6536,8539798
6537,764165
6538,13489518
6539,294081
6540,101094
6541,13616278
6542,4936457
6543,4769651
6544,7130616
6545,77431
6546,8565083
6547,8914
